{
 "iso": "MAR",
 "country": "Morocco (Western Sahara shown as one separate unit)",
 "generated": "2026-07-22",
 "deflator": {
  "target_year": 2025,
  "source": "WDI NY.GDP.DEFL.ZS (USA)",
  "adj_suffix": "_adj",
  "models": {
   "gar15": {
    "year": 2005,
    "factor": 1.581
   },
   "giri": {
    "year": 2018,
    "factor": 1.2605
   },
   "gem2023": {
    "year": 2021,
    "factor": 1.1702
   },
   "gem2026": {
    "year": 2024,
    "factor": 1.028
   },
   "ucc": {
    "year": 2024,
    "factor": 1.028
   }
  }
 },
 "vintages": {
  "years": {
   "gar15": 2011,
   "giri": 2020,
   "gem2023": 2023,
   "gem2026": 2025,
   "overture": 2025,
   "gba": 2023,
   "msb": 2024
  },
  "value_growth": {
   "source": "WB Wealth Accounts produced capital (NW.PCA.TO, real chained 2019 US$)",
   "trailing_cagr": 0.0573,
   "factors": {
    "gar15": 2.155,
    "giri": 1.321,
    "gem2023": 1.118,
    "gem2026": 1.0,
    "overture": 1.0,
    "gba": 1.118,
    "msb": 1.057
   }
  },
  "floor_growth": {
   "source": "GHSL Built-up Volume 2010-2020",
   "rate": 0.0147,
   "factors": {
    "gar15": 1.227,
    "giri": 1.076,
    "gem2023": 1.03,
    "gem2026": 1.0,
    "overture": 1.0,
    "gba": 1.03,
    "msb": 1.015
   }
  }
 },
 "ucc": {
  "source": "UCC-database (GEM-derived, 2024 US$), ADM1 TOTAL occupancy",
  "per_adm1_usd_m2": {
   "MAR006": 327.0,
   "MAR011": 315.3,
   "MAR001": 327.4,
   "MAR003": 292.3,
   "MAR004": 317.1,
   "MAR008": 322.5,
   "MAR010": 316.1,
   "MAR002": 328.7,
   "MAR005": 321.1,
   "MAR007": 319.8,
   "MAR009": 313.1,
   "ESH000": 319.0
  }
 },
 "sensitivity": {
  "baseline": {
   "label": "continuous h / divisor (published)",
   "models": {
    "gba": {
     "floor_m2": 2208074900.59056,
     "value_usd_adj": 725424286182.5482
    },
    "overture": {
     "floor_m2": 1608719630.1538577,
     "value_usd_adj": 527538710309.35614
    },
    "msb": {
     "floor_m2": 1271109353.2759278,
     "value_usd_adj": 417166414326.3152
    }
   }
  },
  "floor": {
   "label": "integer storeys, rounded down (min 1)",
   "models": {
    "gba": {
     "floor_m2": 2033398261.2388346,
     "value_usd_adj": 667704738119.1646
    },
    "overture": {
     "floor_m2": 1492043176.6623838,
     "value_usd_adj": 489211421870.3699
    },
    "msb": {
     "floor_m2": 1178891902.0432022,
     "value_usd_adj": 386873585246.9154
    }
   }
  },
  "ceil": {
   "label": "integer storeys, rounded up",
   "models": {
    "gba": {
     "floor_m2": 2850890908.415208,
     "value_usd_adj": 935997970305.8201
    },
    "overture": {
     "floor_m2": 2076948704.5407674,
     "value_usd_adj": 680817194469.0803
    },
    "msb": {
     "floor_m2": 1645999781.6335554,
     "value_usd_adj": 540071064947.0888
    }
   }
  },
  "div_minus": {
   "label": "storey divisor -0.25 m",
   "models": {
    "gba": {
     "floor_m2": 2408039973.921569,
     "value_usd_adj": 791116688104.0284
    },
    "overture": {
     "floor_m2": 1750659860.1207333,
     "value_usd_adj": 574074964354.4263
    },
    "msb": {
     "floor_m2": 1386186860.7863214,
     "value_usd_adj": 454933235588.15735
    }
   }
  },
  "div_plus": {
   "label": "storey divisor +0.25 m",
   "models": {
    "gba": {
     "floor_m2": 2038780807.3877432,
     "value_usd_adj": 669807578845.5902
    },
    "overture": {
     "floor_m2": 1488556011.4407177,
     "value_usd_adj": 488141953951.6076
    },
    "msb": {
     "floor_m2": 1173678347.305907,
     "value_usd_adj": 385190859294.6866
    }
   }
  }
 },
 "models": {
  "gar15": {
   "label": "GAR15 (UNISDR)",
   "vintage": "2015 (2005 US$)",
   "value": {
    "total": "gar15_usd",
    "urban": "gar15_urban_usd",
    "rural": "gar15_rural_usd"
   },
   "floor": null,
   "breakdown": {
    "value": [
     [
      "gar15_urban_usd",
      "urban"
     ],
     [
      "gar15_rural_usd",
      "rural"
     ]
    ]
   },
   "note": "Capital stock of buildings (structures, no contents), top-down from WB produced capital. Native urban/rural split.",
   "docs": "https://www.preventionweb.net/english/hyogo/gar/2015/en/bgdocs/risk-section/De%20Bono,%20Andrea,%20Bruno%20Chatenoux.%202015.%20A%20Global%20Exposure%20Model%20for%20GAR%202015,%20%20UNEP-GRID.pdf"
  },
  "giri": {
   "label": "GIRI BEM (UNEP/GRID)",
   "vintage": "~2023 (2018 US$)",
   "value": {
    "total": "giri_total_usd"
   },
   "sub": {
    "res": "giri_res_usd",
    "nres": "giri_nres_usd"
   },
   "floor": null,
   "breakdown": {
    "value": [
     [
      "giri_res_usd",
      "residential"
     ],
     [
      "giri_nres_usd",
      "non-res"
     ]
    ]
   },
   "note": "Capital stock of buildings (structures, no contents), 5 km cells assigned by largest overlap. Residential / non-residential layers; no urban/rural split.",
   "docs": "https://giri.unepgrid.ch/sites/default/files/2023-09/GIRI_BEM_report_UNIGE.pdf"
  },
  "gem2023": {
   "label": "GEM v2023.1.1",
   "vintage": "2023 (2021 US$)",
   "value": {
    "total": "gem23_bldg_repl_usd"
   },
   "floor": {
    "total": "gem23_floor_area_m2"
   },
   "breakdown": {
    "value": [
     [
      "gem23_res_usd",
      "residential"
     ],
     [
      "gem23_com_usd",
      "commercial"
     ],
     [
      "gem23_ind_usd",
      "industrial"
     ]
    ],
    "floor": [
     [
      "gem23_res_floor_m2",
      "residential"
     ],
     [
      "gem23_com_floor_m2",
      "commercial"
     ],
     [
      "gem23_ind_floor_m2",
      "industrial"
     ]
    ]
   },
   "note": "June 2023 GEM release: building replacement cost (structural + non-structural, excl. contents). GEM regions matched to WB Admin-1 boundaries; GEM's two southern regions are assigned to the WB Western Sahara unit. No urban/rural split in this release.",
   "docs": "https://onlinelibrary.wiley.com/doi/10.1177/87552930231194048"
  },
  "gem2026": {
   "label": "GEM v2026.0.0",
   "vintage": "2026 (2024 US$)",
   "value": {
    "total": "gem26_bldg_repl_usd",
    "urban": "gem26_res_urban_usd",
    "rural": "gem26_res_rural_usd"
   },
   "floor": {
    "total": "gem26_floor_area_m2",
    "urban": "gem26_res_urban_floor_m2",
    "rural": "gem26_res_rural_floor_m2"
   },
   "split_note": "urban/rural covers RESIDENTIAL only",
   "breakdown": {
    "value": [
     [
      "gem26_res_usd",
      "residential"
     ],
     [
      "gem26_com_usd",
      "commercial"
     ],
     [
      "gem26_ind_usd",
      "industrial"
     ]
    ],
    "floor": [
     [
      "gem26_res_floor_m2",
      "residential"
     ],
     [
      "gem26_com_floor_m2",
      "commercial"
     ],
     [
      "gem26_ind_floor_m2",
      "industrial"
     ]
    ]
   },
   "note": "June 2026 GEM release: building replacement cost (structural + non-structural, excl. contents; costs re-based to 2024-25). GEM regions matched to WB Admin-1 boundaries; GEM's two southern regions are assigned to the WB Western Sahara unit. Urban/rural published for residential only.",
   "docs": "https://github.com/gem/global_exposure_model/releases/tag/v2026.0.0"
  },
  "overture": {
   "label": "Overture Maps",
   "vintage": "2026-06 release",
   "estimated_value": true,
   "note": "Mapped footprints (OSM, Microsoft, Google); floor area = reported heights where present + GBA-calibrated storey multipliers (GBA floor/footprint ratio per ADM1 and urban/rural class) for the rest. Replacement value ESTIMATED as floor area x GEM-derived unit construction cost per ADM1 (2024 US$, excl. contents).",
   "value": {
    "total": "overture_value_usd",
    "urban": "overture_value_usd_urban",
    "rural": "overture_value_usd_rural"
   },
   "floor": {
    "total": "overture_floor_area_m2",
    "urban": "overture_floor_area_m2_urban",
    "rural": "overture_floor_area_m2_rural"
   },
   "extra": {
    "buildings": "overture_buildings",
    "footprint": "overture_footprint_m2"
   },